refdes,pin,voltage,current,rpin
VCOMP18,VCOMP18-0,11.9962,0.805556,0
VCOMP18,VCOMP18-1,11.9962,0.805556,0
VCOMP18,VCOMP18-2,11.9962,0.805556,0
VCOMP18,VCOMP18-3,-0.00135618,-1.20833,0
VCOMP18,VCOMP18-4,-0.00135618,-1.20833,0
VCOMP41,VCOMP41-0,3.2978,0.231457,0
VCOMP41,VCOMP41-1,3.2978,0.231457,0
VCOMP41,VCOMP41-2,3.2978,0.231457,0
VCOMP41,VCOMP41-3,3.2978,0.231457,0
VCOMP41,VCOMP41-4,3.2978,0.231457,0
VCOMP41,VCOMP41-5,3.2978,0.231457,0
VCOMP41,VCOMP41-6,3.2978,0.231457,0
VCOMP41,VCOMP41-7,-0.000578672,-0.180022,0
VCOMP41,VCOMP41-8,-0.000578672,-0.180022,0
VCOMP41,VCOMP41-9,-0.000578672,-0.180022,0
VCOMP41,VCOMP41-10,-0.000578672,-0.180022,0
VCOMP41,VCOMP41-11,-0.000578672,-0.180022,0
VCOMP41,VCOMP41-12,-0.000578672,-0.180022,0
VCOMP41,VCOMP41-13,-0.000578672,-0.180022,0
VCOMP41,VCOMP41-14,-0.000578672,-0.180022,0
VCOMP41,VCOMP41-15,-0.000578672,-0.180022,0
VCOMP43,VCOMP43-0,1.79867,0.16125,0
VCOMP43,VCOMP43-1,1.79867,0.16125,0
VCOMP43,VCOMP43-2,1.79867,0.16125,0
VCOMP43,VCOMP43-3,1.79867,0.16125,0
VCOMP43,VCOMP43-4,-0.000682743,-0.129,0
VCOMP43,VCOMP43-5,-0.000682743,-0.129,0
VCOMP43,VCOMP43-6,-0.000682743,-0.129,0
VCOMP43,VCOMP43-7,-0.000682743,-0.129,0
VCOMP43,VCOMP43-8,-0.000682743,-0.129,0
VCOMP45,VCOMP45-0,5.49723,1.86635,0
VCOMP45,VCOMP45-1,-0.00090573,-1.86635,0
VCOMP47,VCOMP47-0,-5.50028,-0.0137889,0
VCOMP47,VCOMP47-1,-5.50028,-0.0137889,0
VCOMP47,VCOMP47-2,-5.50028,-0.0137889,0
VCOMP47,VCOMP47-3,-5.50028,-0.0137889,0
VCOMP47,VCOMP47-4,-5.50028,-0.0137889,0
VCOMP47,VCOMP47-5,-5.50028,-0.0137889,0
VCOMP47,VCOMP47-6,-5.50028,-0.0137889,0
VCOMP47,VCOMP47-7,-5.50028,-0.0137889,0
VCOMP47,VCOMP47-8,-5.50028,-0.0137889,0
VCOMP47,VCOMP47-9,-5.50028,-0.0137889,0
VCOMP47,VCOMP47-10,-5.50028,-0.0137889,0
VCOMP47,VCOMP47-11,-5.50028,-0.0137889,0
VCOMP47,VCOMP47-12,-5.50028,-0.0137889,0
VCOMP47,VCOMP47-13,-5.50028,-0.0137889,0
VCOMP47,VCOMP47-14,-5.50028,-0.0137889,0
VCOMP47,VCOMP47-15,-5.50028,-0.0137889,0
VCOMP47,VCOMP47-16,-5.50028,-0.0137889,0
VCOMP47,VCOMP47-17,-5.50028,-0.0137889,0
VCOMP47,VCOMP47-18,-0.000526046,0.0275778,0
VCOMP47,VCOMP47-19,-0.000526046,0.0275778,0
VCOMP47,VCOMP47-20,-0.000526046,0.0275778,0
VCOMP47,VCOMP47-21,-0.000526046,0.0275778,0
VCOMP47,VCOMP47-22,-0.000526046,0.0275778,0
VCOMP47,VCOMP47-23,-0.000526046,0.0275778,0
VCOMP47,VCOMP47-24,-0.000526046,0.0275778,0
VCOMP47,VCOMP47-25,-0.000526046,0.0275778,0
VCOMP47,VCOMP47-26,-0.000526046,0.0275778,0
VCOMP49,VCOMP49-0,12.9998,0.2001,0
VCOMP49,VCOMP49-1,0,-0.2001,0
VCOMP51,VCOMP51-0,-12.9998,-0.2001,0
VCOMP51,VCOMP51-1,0,0.2001,0
VCOMP0,VCOMP0-0,2.49677,-0.0324491,1.23077
VCOMP0,VCOMP0-1,2.4968,-0.0324747,1.23077
VCOMP0,VCOMP0-2,2.49687,-0.03253,1.23077
VCOMP0,VCOMP0-3,2.49689,-0.032546,1.23077
VCOMP0,VCOMP0-4,-6.45787e-06,0.13,1.23077
VCOMP1,VCOMP1-0,2.49752,-0.01,10
VCOMP1,VCOMP1-1,7.459e-05,0.01,10
VCOMP2,VCOMP2-0,1.79749,-0.014401,1.54589
VCOMP2,VCOMP2-1,1.79751,-0.0144092,1.54589
VCOMP2,VCOMP2-2,1.79749,-0.0143985,1.54589
VCOMP2,VCOMP2-3,1.79747,-0.0143881,1.54589
VCOMP2,VCOMP2-4,1.79746,-0.0143791,1.54589
VCOMP2,VCOMP2-5,1.79745,-0.0143751,1.54589
VCOMP2,VCOMP2-6,1.79738,-0.0143277,1.54589
VCOMP2,VCOMP2-7,1.79737,-0.0143216,1.54589
VCOMP2,VCOMP2-8,0.000154739,0.115,1.54589
VCOMP3,VCOMP3-0,1.79651,-0.0574827,2.40803
VCOMP3,VCOMP3-1,1.79652,-0.0574843,2.40803
VCOMP3,VCOMP3-2,1.79652,-0.0574863,2.40803
VCOMP3,VCOMP3-3,1.79667,-0.0575465,2.40803
VCOMP3,VCOMP3-4,0.000202125,0.0255683,2.40803
VCOMP3,VCOMP3-5,0.000219396,0.0255611,2.40803
VCOMP3,VCOMP3-6,0.000218929,0.0255613,2.40803
VCOMP3,VCOMP3-7,0.000232365,0.0255557,2.40803
VCOMP3,VCOMP3-8,0.000223387,0.0255594,2.40803
VCOMP3,VCOMP3-9,0.000289709,0.0255319,2.40803
VCOMP3,VCOMP3-10,0.000235803,0.0255543,2.40803
VCOMP3,VCOMP3-11,0.000237575,0.0255535,2.40803
VCOMP3,VCOMP3-12,0.000235963,0.0255542,2.40803
VCOMP4,VCOMP4-0,3.29619,-0.0714525,2.016
VCOMP4,VCOMP4-1,3.29618,-0.0714498,2.016
VCOMP4,VCOMP4-2,3.29617,-0.0714473,2.016
VCOMP4,VCOMP4-3,3.29616,-0.0714418,2.016
VCOMP4,VCOMP4-4,3.29609,-0.071407,2.016
VCOMP4,VCOMP4-5,3.29609,-0.0714043,2.016
VCOMP4,VCOMP4-6,3.29607,-0.0713975,2.016
VCOMP4,VCOMP4-7,-0.000178547,0.0277566,2.016
VCOMP4,VCOMP4-8,-0.00045414,0.0278933,2.016
VCOMP4,VCOMP4-9,-0.000262899,0.0277984,2.016
VCOMP4,VCOMP4-10,-0.000194638,0.0277646,2.016
VCOMP4,VCOMP4-11,-0.000151757,0.0277433,2.016
VCOMP4,VCOMP4-12,-0.000155844,0.0277453,2.016
VCOMP4,VCOMP4-13,-0.00020774,0.0277711,2.016
VCOMP4,VCOMP4-14,-0.000143065,0.027739,2.016
VCOMP4,VCOMP4-15,-0.000112859,0.027724,2.016
VCOMP4,VCOMP4-16,-0.000111565,0.0277233,2.016
VCOMP4,VCOMP4-17,-0.000106808,0.027721,2.016
VCOMP4,VCOMP4-18,-0.000192685,0.0277636,2.016
VCOMP4,VCOMP4-19,-0.00024758,0.0277908,2.016
VCOMP4,VCOMP4-20,-0.000246288,0.0277902,2.016
VCOMP4,VCOMP4-21,-0.000316161,0.0278248,2.016
VCOMP4,VCOMP4-22,-0.000244139,0.0277891,2.016
VCOMP4,VCOMP4-23,-0.000293646,0.0278137,2.016
VCOMP4,VCOMP4-24,-0.000363038,0.0278481,2.016
VCOMP5,VCOMP5-0,3.29601,-0.124994,1.26316
VCOMP5,VCOMP5-1,3.29601,-0.124996,1.26316
VCOMP5,VCOMP5-2,3.29601,-0.124996,1.26316
VCOMP5,VCOMP5-3,3.29603,-0.125014,1.26316
VCOMP5,VCOMP5-4,5.01683e-05,0.0334325,1.26316
VCOMP5,VCOMP5-5,-7.74959e-05,0.0335336,1.26316
VCOMP5,VCOMP5-6,0.000215441,0.0333017,1.26316
VCOMP5,VCOMP5-7,0.000228795,0.0332911,1.26316
VCOMP5,VCOMP5-8,0.000209651,0.0333062,1.26316
VCOMP5,VCOMP5-9,0.000241383,0.0332811,1.26316
VCOMP5,VCOMP5-10,0.000205695,0.0333094,1.26316
VCOMP5,VCOMP5-11,0.000218961,0.0332989,1.26316
VCOMP5,VCOMP5-12,0.000220122,0.0332979,1.26316
VCOMP5,VCOMP5-13,0.000218134,0.0332995,1.26316
VCOMP5,VCOMP5-14,0.000213,0.0333036,1.26316
VCOMP5,VCOMP5-15,0.000173535,0.0333348,1.26316
VCOMP5,VCOMP5-16,0.000198629,0.033315,1.26316
VCOMP5,VCOMP5-17,0.000179041,0.0333305,1.26316
VCOMP5,VCOMP5-18,0.000137312,0.0333635,1.26316
VCOMP6,VCOMP6-0,3.29649,-0.001,100
VCOMP6,VCOMP6-1,2.22277e-05,0.001,100
VCOMP7,VCOMP7-0,3.29649,-0.001,100
VCOMP7,VCOMP7-1,9.31396e-06,0.001,100
VCOMP8,VCOMP8-0,3.29654,-0.016,6.25
VCOMP8,VCOMP8-1,-0.00036732,0.016,6.25
VCOMP9,VCOMP9-0,3.29656,-0.00249967,48
VCOMP9,VCOMP9-1,3.29659,-0.00250033,48
VCOMP9,VCOMP9-2,-0.000386899,0.00166668,48
VCOMP9,VCOMP9-3,-0.000384527,0.00166664,48
VCOMP9,VCOMP9-4,-0.000386705,0.00166668,48
VCOMP10,VCOMP10-0,3.29649,-0.000499999,200
VCOMP10,VCOMP10-1,3.29649,-0.000500001,200
VCOMP10,VCOMP10-2,-2.06281e-05,0.000499997,200
VCOMP10,VCOMP10-3,-2.17895e-05,0.000500003,200
VCOMP11,VCOMP11-0,3.29639,-0.1,1.81818
VCOMP11,VCOMP11-1,-0.000146576,0.0100164,1.81818
VCOMP11,VCOMP11-2,-0.000184114,0.0100371,1.81818
VCOMP11,VCOMP11-3,-0.000187206,0.0100388,1.81818
VCOMP11,VCOMP11-4,-0.000219045,0.0100563,1.81818
VCOMP11,VCOMP11-5,-9.00102e-05,0.00998534,1.81818
VCOMP11,VCOMP11-6,-9.70237e-05,0.0099892,1.81818
VCOMP11,VCOMP11-7,-0.000136374,0.0100108,1.81818
VCOMP11,VCOMP11-8,-5.61046e-06,0.00993892,1.81818
VCOMP11,VCOMP11-9,-4.86778e-05,0.0099626,1.81818
VCOMP11,VCOMP11-10,-5.22319e-05,0.00996456,1.81818
VCOMP12,VCOMP12-0,3.29649,-0.00299992,50
VCOMP12,VCOMP12-1,3.2965,-0.00300008,50
VCOMP12,VCOMP12-2,5.40897e-05,0.00100008,50
VCOMP12,VCOMP12-3,5.56699e-05,0.00100005,50
VCOMP12,VCOMP12-4,5.75873e-05,0.00100001,50
VCOMP12,VCOMP12-5,6.24234e-05,0.000999918,50
VCOMP12,VCOMP12-6,6.13898e-05,0.000999939,50
VCOMP12,VCOMP12-7,5.87829e-05,0.000999991,50
VCOMP13,VCOMP13-0,3.29656,-0.005,35
VCOMP13,VCOMP13-1,-9.38451e-05,0.000713784,35
VCOMP13,VCOMP13-2,-9.63184e-05,0.000713855,35
VCOMP13,VCOMP13-3,-0.000132888,0.0007149,35
VCOMP13,VCOMP13-4,-0.000131721,0.000714867,35
VCOMP13,VCOMP13-5,-0.000130916,0.000714844,35
VCOMP13,VCOMP13-6,-0.000130633,0.000714836,35
VCOMP13,VCOMP13-7,-6.33959e-05,0.000712915,35
VCOMP14,VCOMP14-0,1.79166,-0.04,2.5
VCOMP14,VCOMP14-1,0.000289709,0.04,2.5
VCOMP15,VCOMP15-0,1.79822,-0.005,30
VCOMP15,VCOMP15-1,-0.000386899,0.0016667,30
VCOMP15,VCOMP15-2,-0.000384527,0.00166662,30
VCOMP15,VCOMP15-3,-0.000386705,0.00166669,30
VCOMP16,VCOMP16-0,1.79163,-0.166688,1
VCOMP16,VCOMP16-1,1.79161,-0.166671,1
VCOMP16,VCOMP16-2,1.79158,-0.166641,1
VCOMP16,VCOMP16-3,5.01683e-05,0.0334587,1
VCOMP16,VCOMP16-4,-7.74959e-05,0.0335863,1
VCOMP16,VCOMP16-5,0.000215441,0.0332934,1
VCOMP16,VCOMP16-6,0.000228795,0.03328,1
VCOMP16,VCOMP16-7,0.000209651,0.0332992,1
VCOMP16,VCOMP16-8,0.000241383,0.0332674,1
VCOMP16,VCOMP16-9,0.000205695,0.0333031,1
VCOMP16,VCOMP16-10,0.000218961,0.0332899,1
VCOMP16,VCOMP16-11,0.000220122,0.0332887,1
VCOMP16,VCOMP16-12,0.000218134,0.0332907,1
VCOMP16,VCOMP16-13,0.000213,0.0332958,1
VCOMP16,VCOMP16-14,0.000173535,0.0333353,1
VCOMP16,VCOMP16-15,0.000198629,0.0333102,1
VCOMP16,VCOMP16-16,0.000179041,0.0333298,1
VCOMP16,VCOMP16-17,0.000137312,0.0333715,1
VCOMP17,VCOMP17-0,1.79835,-0.0999999,1.88889
VCOMP17,VCOMP17-1,8.09318e-06,0.00586005,1.88889
VCOMP17,VCOMP17-2,-0.000108156,0.00592159,1.88889
VCOMP17,VCOMP17-3,-5.02906e-05,0.00589095,1.88889
VCOMP17,VCOMP17-4,-6.47901e-05,0.00589863,1.88889
VCOMP17,VCOMP17-5,-5.0588e-05,0.00589111,1.88889
VCOMP17,VCOMP17-6,-6.73117e-05,0.00589997,1.88889
VCOMP17,VCOMP17-7,-2.7833e-05,0.00587907,1.88889
VCOMP17,VCOMP17-8,-4.59552e-05,0.00588866,1.88889
VCOMP17,VCOMP17-9,-3.35161e-05,0.00588207,1.88889
VCOMP17,VCOMP17-10,-4.80827e-05,0.00588979,1.88889
VCOMP17,VCOMP17-11,-1.61787e-05,0.0058729,1.88889
VCOMP17,VCOMP17-12,-2.96656e-05,0.00588004,1.88889
VCOMP17,VCOMP17-13,-1.24189e-05,0.0058709,1.88889
VCOMP17,VCOMP17-14,-3.1801e-05,0.00588117,1.88889
VCOMP17,VCOMP17-15,9.19547e-07,0.00586384,1.88889
VCOMP17,VCOMP17-16,-7.57652e-06,0.00586834,1.88889
VCOMP17,VCOMP17-17,6.52563e-06,0.00586088,1.88889
VCOMP19,VCOMP19-0,3.29221,-0.00600018,19.0476
VCOMP19,VCOMP19-1,3.2922,-0.00599992,19.0476
VCOMP19,VCOMP19-2,3.2922,-0.00599992,19.0476
VCOMP19,VCOMP19-3,0.000109581,0.00449992,19.0476
VCOMP19,VCOMP19-4,0.000109503,0.00449992,19.0476
VCOMP19,VCOMP19-5,0.000110617,0.00449986,19.0476
VCOMP19,VCOMP19-6,0.000101915,0.00450032,19.0476
VCOMP20,VCOMP20-0,3.29222,-0.00599995,19.0476
VCOMP20,VCOMP20-1,3.29223,-0.0060002,19.0476
VCOMP20,VCOMP20-2,3.29222,-0.00599986,19.0476
VCOMP20,VCOMP20-3,9.40856e-05,0.00450041,19.0476
VCOMP20,VCOMP20-4,0.00010364,0.00449991,19.0476
VCOMP20,VCOMP20-5,0.00010768,0.00449969,19.0476
VCOMP20,VCOMP20-6,0.000101725,0.00450001,19.0476
VCOMP21,VCOMP21-0,3.29219,-0.007,24.4898
VCOMP21,VCOMP21-1,5.40897e-05,0.00116684,24.4898
VCOMP21,VCOMP21-2,5.56699e-05,0.00116677,24.4898
VCOMP21,VCOMP21-3,5.75873e-05,0.0011667,24.4898
VCOMP21,VCOMP21-4,6.24234e-05,0.0011665,24.4898
VCOMP21,VCOMP21-5,6.13898e-05,0.00116654,24.4898
VCOMP21,VCOMP21-6,5.87829e-05,0.00116665,24.4898
VCOMP22,VCOMP22-0,3.29183,-0.0599909,1.11111
VCOMP22,VCOMP22-1,3.29185,-0.0600093,1.11111
VCOMP22,VCOMP22-2,0.000154739,0.12,1.11111
VCOMP23,VCOMP23-0,3.29208,-0.0350075,1.90476
VCOMP23,VCOMP23-1,3.29206,-0.0349926,1.90476
VCOMP23,VCOMP23-2,5.32123e-05,0.0700001,1.90476
VCOMP24,VCOMP24-0,4.99207,-0.0589998,1.69492
VCOMP24,VCOMP24-1,6.90046e-05,0.0589998,1.69492
VCOMP25,VCOMP25-0,4.99203,-0.0589998,1.69492
VCOMP25,VCOMP25-1,5.91207e-05,0.0589998,1.69492
VCOMP26,VCOMP26-0,-2.49493,0.0324985,1.23077
VCOMP26,VCOMP26-1,-2.49493,0.0324982,1.23077
VCOMP26,VCOMP26-2,-2.49492,0.0324947,1.23077
VCOMP26,VCOMP26-3,-2.49494,0.0325085,1.23077
VCOMP26,VCOMP26-4,-6.45787e-06,-0.13,1.23077
VCOMP27,VCOMP27-0,-4.99506,0.0295048,2.25989
VCOMP27,VCOMP27-1,-4.99504,0.0294952,2.25989
VCOMP27,VCOMP27-2,6.90046e-05,-0.0589999,2.25989
VCOMP28,VCOMP28-0,-4.99514,0.029517,2.25989
VCOMP28,VCOMP28-1,-4.99506,0.0294829,2.25989
VCOMP28,VCOMP28-2,5.91207e-05,-0.0589999,2.25989
VCOMP29,VCOMP29-0,11.9935,-0.0999998,1.66667
VCOMP29,VCOMP29-1,1.06967e-06,0.020008,1.66667
VCOMP29,VCOMP29-2,2.43336e-05,0.019994,1.66667
VCOMP29,VCOMP29-3,2.2867e-05,0.0199949,1.66667
VCOMP29,VCOMP29-4,1.40104e-05,0.0200002,1.66667
VCOMP29,VCOMP29-5,9.66267e-06,0.0200028,1.66667
VCOMP30,VCOMP30-0,11.9968,-0.1,1.88235
VCOMP30,VCOMP30-1,7.07538e-05,0.00624283,1.88235
VCOMP30,VCOMP30-2,7.10673e-05,0.00624266,1.88235
VCOMP30,VCOMP30-3,7.98316e-05,0.00623801,1.88235
VCOMP30,VCOMP30-4,5.36073e-05,0.00625194,1.88235
VCOMP30,VCOMP30-5,6.04129e-05,0.00624832,1.88235
VCOMP30,VCOMP30-6,6.74641e-05,0.00624458,1.88235
VCOMP30,VCOMP30-7,6.36579e-05,0.0062466,1.88235
VCOMP30,VCOMP30-8,7.74558e-05,0.00623927,1.88235
VCOMP30,VCOMP30-9,6.78949e-05,0.00624435,1.88235
VCOMP30,VCOMP30-10,7.94629e-05,0.0062382,1.88235
VCOMP30,VCOMP30-11,2.73435e-05,0.00626589,1.88235
VCOMP30,VCOMP30-12,2.91502e-05,0.00626493,1.88235
VCOMP30,VCOMP30-13,3.98564e-05,0.00625924,1.88235
VCOMP30,VCOMP30-14,3.41234e-05,0.00626229,1.88235
VCOMP30,VCOMP30-15,4.7056e-05,0.00625542,1.88235
VCOMP30,VCOMP30-16,4.66962e-05,0.00625561,1.88235
VCOMP31,VCOMP31-0,-11.9966,0.1,1.88235
VCOMP31,VCOMP31-1,7.07538e-05,-0.00625719,1.88235
VCOMP31,VCOMP31-2,7.10673e-05,-0.00625736,1.88235
VCOMP31,VCOMP31-3,7.98316e-05,-0.00626201,1.88235
VCOMP31,VCOMP31-4,5.36073e-05,-0.00624808,1.88235
VCOMP31,VCOMP31-5,6.04129e-05,-0.0062517,1.88235
VCOMP31,VCOMP31-6,6.74641e-05,-0.00625544,1.88235
VCOMP31,VCOMP31-7,6.36579e-05,-0.00625342,1.88235
VCOMP31,VCOMP31-8,7.74558e-05,-0.00626075,1.88235
VCOMP31,VCOMP31-9,6.78949e-05,-0.00625567,1.88235
VCOMP31,VCOMP31-10,7.94629e-05,-0.00626182,1.88235
VCOMP31,VCOMP31-11,2.73435e-05,-0.00623413,1.88235
VCOMP31,VCOMP31-12,2.91502e-05,-0.00623509,1.88235
VCOMP31,VCOMP31-13,3.98564e-05,-0.00624077,1.88235
VCOMP31,VCOMP31-14,3.41234e-05,-0.00623773,1.88235
VCOMP31,VCOMP31-15,4.7056e-05,-0.0062446,1.88235
VCOMP31,VCOMP31-16,4.66962e-05,-0.00624441,1.88235
VCOMP32,VCOMP32-0,-11.9944,0.0999998,1.66667
VCOMP32,VCOMP32-1,1.06967e-06,-0.019992,1.66667
VCOMP32,VCOMP32-2,2.43336e-05,-0.0200059,1.66667
VCOMP32,VCOMP32-3,2.2867e-05,-0.020005,1.66667
VCOMP32,VCOMP32-4,1.40104e-05,-0.0199997,1.66667
VCOMP32,VCOMP32-5,9.66267e-06,-0.0199971,1.66667
VCOMP33,VCOMP33-0,3.2978,-1.42857e-05,7000
VCOMP33,VCOMP33-1,3.2978,-1.42857e-05,7000
VCOMP33,VCOMP33-2,3.2978,-1.42857e-05,7000
VCOMP33,VCOMP33-3,3.2978,-1.42857e-05,7000
VCOMP33,VCOMP33-4,3.2978,-1.42857e-05,7000
VCOMP33,VCOMP33-5,3.2978,-1.42857e-05,7000
VCOMP33,VCOMP33-6,3.2978,-1.42857e-05,7000
VCOMP33,VCOMP33-7,3.54347e-05,5e-05,7000
VCOMP33,VCOMP33-8,3.53807e-05,5e-05,7000
VCOMP34,VCOMP34-0,3.2978,-1.42857e-05,7000
VCOMP34,VCOMP34-1,3.2978,-1.42857e-05,7000
VCOMP34,VCOMP34-2,3.2978,-1.42857e-05,7000
VCOMP34,VCOMP34-3,3.2978,-1.42857e-05,7000
VCOMP34,VCOMP34-4,3.2978,-1.42857e-05,7000
VCOMP34,VCOMP34-5,3.2978,-1.42857e-05,7000
VCOMP34,VCOMP34-6,3.2978,-1.42857e-05,7000
VCOMP34,VCOMP34-7,3.51698e-05,5e-05,7000
VCOMP34,VCOMP34-8,3.53637e-05,5e-05,7000
VCOMP35,VCOMP35-0,5.4926,-3.33333e-05,3000
VCOMP35,VCOMP35-1,5.4926,-3.33333e-05,3000
VCOMP35,VCOMP35-2,5.4926,-3.33333e-05,3000
VCOMP35,VCOMP35-3,4.00659e-05,3.33339e-05,3000
VCOMP35,VCOMP35-4,4.00685e-05,3.33339e-05,3000
VCOMP35,VCOMP35-5,4.50122e-05,3.33322e-05,3000
VCOMP36,VCOMP36-0,5.49284,-5e-05,2000
VCOMP36,VCOMP36-1,5.49284,-5e-05,2000
VCOMP36,VCOMP36-2,4.16214e-05,5.00001e-05,2000
VCOMP36,VCOMP36-3,4.1868e-05,4.99999e-05,2000
VCOMP37,VCOMP37-0,-5.49556,0.0001,1000
VCOMP37,VCOMP37-1,2.95502e-05,-0.0001,1000
VCOMP38,VCOMP38-0,-5.49565,0.0001,1000
VCOMP38,VCOMP38-1,2.74811e-05,-0.0001,1000
VCOMP39,VCOMP39-0,12.9991,-5e-05,2000
VCOMP39,VCOMP39-1,12.9991,-5e-05,2000
VCOMP39,VCOMP39-2,3.61657e-05,3.33339e-05,2000
VCOMP39,VCOMP39-3,3.61736e-05,3.33339e-05,2000
VCOMP39,VCOMP39-4,3.97215e-05,3.33321e-05,2000
VCOMP40,VCOMP40-0,-12.9989,0.0001,1000
VCOMP40,VCOMP40-1,2.05671e-06,-0.0001,1000
VCOMP42,VCOMP42-0,5.49557,-0.335905,0.415385
VCOMP42,VCOMP42-1,5.49556,-0.335868,0.415385
VCOMP42,VCOMP42-2,5.49557,-0.335905,0.415385
VCOMP42,VCOMP42-3,5.49131,-0.325654,0.415385
VCOMP42,VCOMP42-4,-0.000578672,0.148148,0.415385
VCOMP42,VCOMP42-5,-0.000578672,0.148148,0.415385
VCOMP42,VCOMP42-6,-0.000578672,0.148148,0.415385
VCOMP42,VCOMP42-7,-0.000578672,0.148148,0.415385
VCOMP42,VCOMP42-8,-0.000578672,0.148148,0.415385
VCOMP42,VCOMP42-9,-0.000578672,0.148148,0.415385
VCOMP42,VCOMP42-10,-0.000578672,0.148148,0.415385
VCOMP42,VCOMP42-11,-0.000578672,0.148148,0.415385
VCOMP42,VCOMP42-12,-0.000578672,0.148148,0.415385
VCOMP44,VCOMP44-0,5.49565,-0.0606516,2.0625
VCOMP44,VCOMP44-1,5.49561,-0.0606307,2.0625
VCOMP44,VCOMP44-2,5.49541,-0.0605359,2.0625
VCOMP44,VCOMP44-3,-0.000682743,0.0363636,2.0625
VCOMP44,VCOMP44-4,-0.000682743,0.0363636,2.0625
VCOMP44,VCOMP44-5,-0.000682743,0.0363636,2.0625
VCOMP44,VCOMP44-6,-0.000682743,0.0363636,2.0625
VCOMP44,VCOMP44-7,-0.000682743,0.0363636,2.0625
VCOMP46,VCOMP46-0,11.9881,-0.404652,0.0989091
VCOMP46,VCOMP46-1,11.9881,-0.404652,0.0989091
VCOMP46,VCOMP46-2,11.988,-0.404099,0.0989091
VCOMP46,VCOMP46-3,11.988,-0.404244,0.0989091
VCOMP46,VCOMP46-4,-0.00090573,1.61765,0.0989091
VCOMP48,VCOMP48-0,11.9938,-0.0404397,3.42378
VCOMP48,VCOMP48-1,11.9939,-0.0404407,3.42378
VCOMP48,VCOMP48-2,11.9939,-0.0404415,3.42378
VCOMP48,VCOMP48-3,11.9939,-0.0404427,3.42378
VCOMP48,VCOMP48-4,-0.000526046,0.0179738,3.42378
VCOMP48,VCOMP48-5,-0.000526046,0.0179738,3.42378
VCOMP48,VCOMP48-6,-0.000526046,0.0179738,3.42378
VCOMP48,VCOMP48-7,-0.000526046,0.0179738,3.42378
VCOMP48,VCOMP48-8,-0.000526046,0.0179738,3.42378
VCOMP48,VCOMP48-9,-0.000526046,0.0179738,3.42378
VCOMP48,VCOMP48-10,-0.000526046,0.0179738,3.42378
VCOMP48,VCOMP48-11,-0.000526046,0.0179738,3.42378
VCOMP48,VCOMP48-12,-0.000526046,0.0179738,3.42378
VCOMP50,VCOMP50-0,11.9821,-0.318628,0.313846
VCOMP50,VCOMP50-1,0.000200076,0.318628,0.313846
VCOMP52,VCOMP52-0,11.9821,-0.318628,0.313846
VCOMP52,VCOMP52-1,0.000200076,0.318628,0.313846
VCOMP53,VCOMP53-0,3.2978,-0.02,0
VCOMP53,VCOMP53-1,3.2978,-0.02,0
VCOMP53,VCOMP53-2,3.2978,-0.02,0
VCOMP53,VCOMP53-3,3.2978,-0.02,0
VCOMP53,VCOMP53-4,3.2978,-0.02,0
VCOMP53,VCOMP53-5,3.2978,-0.02,0
VCOMP53,VCOMP53-6,3.2978,-0.02,0
VCOMP53,VCOMP53-7,2.4978,0.07,0
VCOMP53,VCOMP53-8,2.4978,0.07,0
VCOMP54,VCOMP54-0,3.2978,-0.0492857,0
VCOMP54,VCOMP54-1,3.2978,-0.0492857,0
VCOMP54,VCOMP54-2,3.2978,-0.0492857,0
VCOMP54,VCOMP54-3,3.2978,-0.0492857,0
VCOMP54,VCOMP54-4,3.2978,-0.0492857,0
VCOMP54,VCOMP54-5,3.2978,-0.0492857,0
VCOMP54,VCOMP54-6,3.2978,-0.0492857,0
VCOMP54,VCOMP54-7,1.7978,0.1725,0
VCOMP54,VCOMP54-8,1.7978,0.1725,0
VCOMP55,VCOMP55-0,5.4926,-0.0776667,0
VCOMP55,VCOMP55-1,5.4926,-0.0776667,0
VCOMP55,VCOMP55-2,5.4926,-0.0776667,0
VCOMP55,VCOMP55-3,3.2926,0.1165,0
VCOMP55,VCOMP55-4,3.2926,0.1165,0
VCOMP56,VCOMP56-0,5.49284,-0.059,0
VCOMP56,VCOMP56-1,5.49284,-0.059,0
VCOMP56,VCOMP56-2,4.99284,0.059,0
VCOMP56,VCOMP56-3,4.99284,0.059,0
VCOMP57,VCOMP57-0,-5.49556,0.118,0
VCOMP57,VCOMP57-1,-4.99556,-0.118,0
VCOMP58,VCOMP58-0,-5.49565,0.13,0
VCOMP58,VCOMP58-1,-2.49565,-0.13,0
VCOMP59,VCOMP59-0,12.9991,-0.1,0
VCOMP59,VCOMP59-1,12.9991,-0.1,0
VCOMP59,VCOMP59-2,11.9991,0.1,0
VCOMP59,VCOMP59-3,11.9991,0.1,0
VCOMP60,VCOMP60-0,-12.9989,0.2,0
VCOMP60,VCOMP60-1,-11.9989,-0.2,0
VCOMP61,VCOMP61-0,11.9834,-0.637255,5e-07
VCOMP61,VCOMP61-1,11.9834,0.637255,5e-07
VCOMP62,VCOMP62-0,12.9997,-0.2001,5e-07
VCOMP62,VCOMP62-1,12.9997,0.2001,5e-07
VCOMP63,VCOMP63-0,12.9995,-0.2001,5e-07
VCOMP63,VCOMP63-1,12.9995,0.2001,5e-07
VCOMP64,VCOMP64-0,-12.9997,0.2001,5e-07
VCOMP64,VCOMP64-1,-12.9997,-0.2001,5e-07
VCOMP65,VCOMP65-0,-12.9995,0.2001,5e-07
VCOMP65,VCOMP65-1,-12.9995,-0.2001,5e-07
